fname,lname,username,pwrd,balance,investment,expected,collected,zip,zip2
Larry,Johnson,email1@some.com,password1,100.00,500.00,120.00,120.00,10001,92346
Xavier,Rodriguez,email2@some.com,password2,110.00,520.00,140.00,165.00,10001,
Emily,Chen,email3@some.com,password3,120.00,540.00,155.00,158.00,10001,92346
Lucas,Patel,email4@some.com,password4,130.00,560.00,173.33,185.67,10001,
Isabella,Thompson,email5@some.com,password5,140.00,580.00,190.83,204.67,10001,92346
Noah,Nguyen,email6@some.com,password6,150.00,600.00,208.33,223.67,10001,92346
Sophia,Gomez,email7@some.com,password7,160.00,620.00,225.83,242.67,10001,
Liam,Khan,email8@some.com,password8,170.00,640.00,243.33,261.67,10001,92346
Olivia,Brown,email9@some.com,password9,180.00,660.00,260.83,280.67,10001,
Ethan,Kim,email10@some.com,password10,190.00,680.00,278.33,299.67,10001,
Ava,Rivera,email11@some.com,password11,200.00,700.00,295.83,318.67,10001,92346
Logan,Sullivan,email12@some.com,password12,210.00,720.00,313.33,337.67,10001,92346
Emma,Cooper,email13@some.com,password13,220.00,740.00,330.83,356.67,10001,92346
Mason,Murphy,email14@some.com,password14,230.00,760.00,348.33,375.67,10001,
Harper,Lee,email15@some.com,password15,240.00,780.00,365.83,394.67,10001,92346
Aiden,Martinez,email16@some.com,password16,250.00,800.00,383.33,413.67,10001,
Charlotte,Carter,email17@some.com,password17,260.00,820.00,400.83,432.67,10001,92346
Elijah,Williams,email18@some.com,password18,270.00,840.00,418.33,451.67,10001,
Amelia,Khan,email19@some.com,password19,280.00,860.00,435.83,470.67,10001,92346
Oliver,Garcia,email20@some.com,password20,290.00,880.00,453.33,489.67,10001,92346
Evelyn,Davis,email21@some.com,password21,300.00,900.00,470.83,508.67,10001,
Benjamin,Wilson,email22@some.com,password22,310.00,920.00,488.33,527.67,10001,
Abigail,Torres,email23@some.com,password23,320.00,940.00,505.83,546.67,10001,
James,Wright,email24@some.com,password24,330.00,960.00,523.33,565.67,10001,92346
Elizabeth,Adams,email25@some.com,password25,340.00,980.00,540.83,584.67,10001,92346
William,Robinson,email26@some.com,password26,350.00,"1,000.00",558.33,603.67,10001,92346
Mia,Stewart,email27@some.com,password27,360.00,"1,020.00",575.83,622.67,10001,
Alexander,Mitchell,email28@some.com,password28,370.00,"1,040.00",593.33,641.67,10001,
Luna,Scott,email29@some.com,password29,380.00,"1,060.00",610.83,660.67,10001,92346
Henry,Perez,email30@some.com,password30,390.00,"1,080.00",628.33,679.67,10001,92346
Sofia,Lewis,email31@some.com,password31,400.00,"1,100.00",645.83,698.67,10001,92346
Jackson,Hernandez,email32@some.com,password32,410.00,"1,120.00",663.33,717.67,10001,92346
Avery,Phillips,email33@some.com,password33,420.00,"1,140.00",680.83,736.67,10001,92346
Michael,Hall,email34@some.com,password34,430.00,"1,160.00",698.33,755.67,10001,92347
Chloe,Ward,email35@some.com,password35,440.00,"1,180.00",715.83,774.67,10001,
Ethan,Evans,email36@some.com,password36,450.00,"1,200.00",733.33,793.67,10001,92347
Madison,Martinez,email37@some.com,password37,460.00,"1,220.00",750.83,812.67,10001,
Liam,Bell,email38@some.com,password38,470.00,"1,240.00",768.33,831.67,10001,92346
Isabella,Rodriguez,email39@some.com,password39,480.00,"1,260.00",785.83,850.67,10001,92346
Elijah,Lopez,email40@some.com,password40,490.00,"1,280.00",803.33,869.67,10001,
Grace,Thompson,email41@some.com,password41,500.00,"1,300.00",820.83,888.67,10001,92347
Daniel,Nelson,email42@some.com,password42,510.00,"1,320.00",838.33,907.67,10001,
Evelyn,Flores,email43@some.com,password43,520.00,"1,340.00",855.83,926.67,10001,
Logan,Green,email44@some.com,password44,530.00,"1,360.00",873.33,945.67,10001,92346
Harper,Rivera,email45@some.com,password45,540.00,"1,380.00",890.83,964.67,10001,92346
Oliver,Turner,email46@some.com,password46,550.00,"1,400.00",908.33,983.67,10001,92346
Charlotte,Bailey,email47@some.com,password47,560.00,"1,420.00",925.83,"1,002.67",10001,
Noah,Clark,email48@some.com,password48,570.00,"1,440.00",943.33,"1,021.67",10001,92347
Amelia,Murphy,email49@some.com,password49,580.00,"1,460.00",960.83,"1,040.67",10001,
James,Reed,email50@some.com,password50,590.00,"1,480.00",978.33,"1,059.67",10001,92347
Ava,Richardson,email51@some.com,password51,600.00,"1,500.00",995.83,"1,078.67",10001,
William,Adams,email52@some.com,password52,610.00,"1,520.00","1,013.33","1,097.67",10001,92346
Mia,Foster,email53@some.com,password53,620.00,"1,540.00","1,030.83","1,116.67",10001,92346
Benjamin,Mitchell,email54@some.com,password54,630.00,"1,560.00","1,048.33","1,135.67",10001,92347
Emily,Hayes,email55@some.com,password55,640.00,"1,580.00","1,065.83","1,154.67",10001,
Lucas,Young,email56@some.com,password56,650.00,"1,600.00","1,083.33","1,173.67",10001,92347
Olivia,Simmons,email57@some.com,password57,660.00,"1,620.00","1,100.83","1,192.67",10001,
Aiden,Hill,email58@some.com,password58,670.00,"1,640.00","1,118.33","1,211.67",10001,92346
Emma,Coleman,email59@some.com,password59,680.00,"1,660.00","1,135.83","1,230.67",10001,92346
Ethan,Cooper,email60@some.com,password60,690.00,"1,680.00","1,153.33","1,249.67",10001,
Sophia,Torres,email61@some.com,password61,700.00,"1,700.00","1,170.83","1,268.67",10001,92347
Mason,Parker,email62@some.com,password62,710.00,"1,720.00","1,188.33","1,287.67",10001,
Harper,Morris,email63@some.com,password63,720.00,"1,740.00","1,205.83","1,306.67",10001,
Elijah,Patel,email64@some.com,password64,730.00,"1,760.00","1,223.33","1,325.67",10001,92346
Amelia,Reed,email65@some.com,password65,740.00,"1,780.00","1,240.83","1,344.67",10001,92346
Oliver,Barnes,email66@some.com,password66,750.00,"1,800.00","1,258.33","1,363.67",10001,92346
Charlotte,Perry,email67@some.com,password67,760.00,"1,820.00","1,275.83","1,382.67",10001,
Noah,Fisher,email68@some.com,password68,770.00,"1,840.00","1,293.33","1,401.67",10001,92347
Ava,Collins,email69@some.com,password69,780.00,"1,860.00","1,310.83","1,420.67",10001,
William,Griffin,email70@some.com,password70,790.00,"1,880.00","1,328.33","1,439.67",10001,92347
Mia,Hughes,email71@some.com,password71,800.00,"1,900.00","1,345.83","1,458.67",10001,
Emily,Bennett,email72@some.com,password72,810.00,"1,920.00","1,363.33","1,477.67",10001,92347
Lucas,Ross,email73@some.com,password73,820.00,"1,940.00","1,380.83","1,496.67",10001,
Olivia,Long,email74@some.com,password74,830.00,"1,960.00","1,398.33","1,515.67",10001,92347
Aiden,Nguyen,email75@some.com,password75,840.00,"1,980.00","1,415.83","1,534.67",10001,
Sophia,King,email76@some.com,password76,850.00,"2,000.00","1,433.33","1,553.67",10001,92346
Benjamin,Bailey,email77@some.com,password77,860.00,"2,020.00","1,450.83","1,572.67",10001,92346
Emma,Reed,email78@some.com,password78,870.00,"2,040.00","1,468.33","1,591.67",10001,
Mason,Cook,email79@some.com,password79,880.00,"2,060.00","1,485.83","1,610.67",10001,92347
Harper,Harris,email80@some.com,password80,890.00,"2,080.00","1,503.33","1,629.67",10001,
Elijah,Baker,email81@some.com,password81,900.00,"2,100.00","1,520.83","1,648.67",10001,
Amelia,Bell,email82@some.com,password82,910.00,"2,120.00","1,538.33","1,667.67",10001,92346
Oliver,Powell,email83@some.com,password83,920.00,"2,140.00","1,555.83","1,686.67",10001,92346
Charlotte,Young,email84@some.com,password84,930.00,"2,160.00","1,573.33","1,705.67",10001,92346
Noah,Allen,email85@some.com,password85,940.00,"2,180.00","1,590.83","1,724.67",10001,
Ava,Russell,email86@some.com,password86,950.00,"2,200.00","1,608.33","1,743.67",10001,92347
William,Hayes,email87@some.com,password87,960.00,"2,220.00","1,625.83","1,762.67",10001,
Mia,Howard,email88@some.com,password88,970.00,"2,240.00","1,643.33","1,781.67",10001,92347
Emily,Parker,email89@some.com,password89,980.00,"2,260.00","1,660.83","1,800.67",10001,
Lucas,Morgan,email90@some.com,password90,990.00,"2,280.00","1,678.33","1,819.67",10001,92346
Olivia,Adams,email91@some.com,password91,"1,000.00","2,300.00","1,695.83","1,838.67",10001,92346
Aiden,James,email92@some.com,password92,"1,010.00","2,320.00","1,713.33","1,857.67",10001,
Sophia,Turner,email93@some.com,password93,"1,020.00","2,340.00","1,730.83","1,876.67",10001,
Benjamin,Morris,email94@some.com,password94,"1,030.00","2,360.00","1,748.33","1,895.67",10001,
Emma,Sullivan,email95@some.com,password95,"1,040.00","2,380.00","1,765.83","1,914.67",10001,92346
Mason,Rivera,email96@some.com,password96,"1,050.00","2,400.00","1,783.33","1,933.67",10001,92346
Harper,Cooper,email97@some.com,password97,"1,060.00","2,420.00","1,800.83","1,952.67",10001,92346
Elijah,White,email98@some.com,password98,"1,070.00","2,440.00","1,818.33","1,971.67",10001,
Amelia,Gray,email99@some.com,password99,"1,080.00","2,460.00","1,835.83","1,990.67",10001,92346